day,image,n_runs,chisq_cphase_mean,chisq_cphase_min,chisq_cphase_max,chisq_cphase_spread,chisq_logcamp_mean,chisq_logcamp_min,chisq_logcamp_max,chisq_logcamp_spread
095,difmap_hi,5,10.4341,10.4341,10.4341,0.0000,38.0273,38.0273,38.0273,0.0000
095,difmap_lo,5,6.3130,6.3130,6.3130,0.0000,31.9004,31.9004,31.9004,0.0000
095,ehtim,5,1.0326,1.0326,1.0326,0.0000,1.3766,1.3766,1.3766,0.0000
095,smili_hi,5,1.6478,1.6450,1.6530,0.0081,1.6387,1.6354,1.6422,0.0068
095,smili_lo,5,1.1747,1.1728,1.1764,0.0036,1.3651,1.3641,1.3667,0.0025
096,difmap_hi,5,3.6331,3.6331,3.6331,0.0000,27.7907,27.7907,27.7907,0.0000
096,difmap_lo,5,2.4623,2.4623,2.4623,0.0000,23.1032,23.1032,23.1032,0.0000
096,ehtim,5,1.1104,1.1104,1.1104,0.0000,1.1883,1.1883,1.1883,0.0000
096,smili_hi,5,1.5095,1.5071,1.5121,0.0050,1.4788,1.4704,1.4852,0.0148
096,smili_lo,5,1.3572,1.3522,1.3594,0.0072,1.3120,1.3091,1.3136,0.0046
100,difmap_hi,5,4.8949,4.8949,4.8949,0.0000,23.8718,23.8718,23.8718,0.0000
100,difmap_lo,5,2.1098,2.1098,2.1098,0.0000,20.0313,20.0313,20.0313,0.0000
100,ehtim,5,1.0653,1.0653,1.0653,0.0000,0.9621,0.9621,0.9621,0.0000
100,smili_hi,5,1.4208,1.3759,1.4532,0.0774,1.1086,1.0811,1.1183,0.0372
100,smili_lo,5,1.3593,1.3540,1.3647,0.0107,0.9952,0.9915,0.9995,0.0080
101,difmap_hi,5,2.8914,2.8914,2.8914,0.0000,58.8926,58.8926,58.8926,0.0000
101,difmap_lo,5,2.1552,2.1552,2.1552,0.0000,63.3367,63.3367,63.3367,0.0000
101,ehtim,5,1.0078,1.0078,1.0078,0.0000,0.9358,0.9358,0.9358,0.0000
101,smili_hi,5,1.5098,1.5048,1.5143,0.0096,1.1016,1.0974,1.1035,0.0061
101,smili_lo,5,1.2841,1.2794,1.2915,0.0120,1.2196,1.2100,1.2314,0.0214
