image,n_runs,d_mean,d_min,d_max,d_spread,d_sigma_mean,d_sigma_min,d_sigma_max,d_sigma_spread,w_mean,w_min,w_max,w_spread,eta_deg_mean,eta_deg_min,eta_deg_max,eta_deg_spread,asym_mean,asym_min,asym_max,asym_spread
difmap_095_hi,5,36.8920,36.8920,36.8920,0.0000,2.3270,2.3270,2.3270,0.0000,28.6690,28.6690,28.6690,0.0000,141.8290,141.8290,141.8290,0.0000,0.1750,0.1750,0.1750,0.0000
difmap_095_lo,5,37.5320,37.5320,37.5320,0.0000,2.3790,2.3790,2.3790,0.0000,28.8130,28.8130,28.8130,0.0000,159.6000,159.6000,159.6000,0.0000,0.1990,0.1990,0.1990,0.0000
difmap_096_hi,5,27.8620,27.8620,27.8620,0.0000,13.1750,13.1750,13.1750,0.0000,30.6610,30.6610,30.6610,0.0000,139.7270,139.7270,139.7270,0.0000,0.1140,0.1140,0.1140,0.0000
difmap_096_lo,5,41.8450,41.8450,41.8450,0.0000,5.4620,5.4620,5.4620,0.0000,28.0620,28.0620,28.0620,0.0000,159.9560,159.9560,159.9560,0.0000,0.2490,0.2490,0.2490,0.0000
difmap_100_hi,5,40.1620,40.1620,40.1620,0.0000,1.8910,1.8910,1.8910,0.0000,27.9230,27.9230,27.9230,0.0000,183.0250,183.0250,183.0250,0.0000,0.1980,0.1980,0.1980,0.0000
difmap_100_lo,5,40.0380,40.0380,40.0380,0.0000,1.6190,1.6190,1.6190,0.0000,28.5740,28.5740,28.5740,0.0000,170.9820,170.9820,170.9820,0.0000,0.1730,0.1730,0.1730,0.0000
difmap_101_hi,5,39.8820,39.8820,39.8820,0.0000,1.9650,1.9650,1.9650,0.0000,28.9520,28.9520,28.9520,0.0000,168.9840,168.9840,168.9840,0.0000,0.1910,0.1910,0.1910,0.0000
difmap_101_lo,5,40.9740,40.9740,40.9740,0.0000,1.2900,1.2900,1.2900,0.0000,28.7790,28.7790,28.7790,0.0000,172.7690,172.7690,172.7690,0.0000,0.2220,0.2220,0.2220,0.0000
ehtim_095,5,39.4040,39.4040,39.4040,0.0000,1.5080,1.5080,1.5080,0.0000,16.2030,16.2030,16.2030,0.0000,148.7040,148.7040,148.7040,0.0000,0.2480,0.2480,0.2480,0.0000
ehtim_096,5,39.5770,39.5770,39.5770,0.0000,1.5440,1.5440,1.5440,0.0000,16.0790,16.0790,16.0790,0.0000,151.3140,151.3140,151.3140,0.0000,0.2420,0.2420,0.2420,0.0000
ehtim_100,5,40.4650,40.4650,40.4650,0.0000,1.3610,1.3610,1.3610,0.0000,15.6310,15.6310,15.6310,0.0000,171.0110,171.0110,171.0110,0.0000,0.2300,0.2300,0.2300,0.0000
ehtim_101,5,40.9940,40.9940,40.9940,0.0000,1.1640,1.1640,1.1640,0.0000,15.5090,15.5090,15.5090,0.0000,167.5460,167.5460,167.5460,0.0000,0.2020,0.2020,0.2020,0.0000
smili_095_hi,5,39.9738,39.9530,39.9890,0.0360,1.9688,1.9370,1.9950,0.0580,16.4286,16.4080,16.4420,0.0340,147.2430,146.8400,147.9750,1.1350,0.2636,0.2620,0.2660,0.0040
smili_095_lo,5,40.5088,40.4540,40.5960,0.1420,1.8366,1.8080,1.8570,0.0490,16.0080,15.9730,16.0300,0.0570,153.7748,153.4520,154.1960,0.7440,0.2646,0.2630,0.2660,0.0030
smili_096_hi,5,40.2544,40.2290,40.2720,0.0430,1.5360,1.5080,1.5670,0.0590,16.7464,16.7300,16.7600,0.0300,151.5198,151.1530,151.7070,0.5540,0.2462,0.2450,0.2470,0.0020
smili_096_lo,5,40.7706,40.7550,40.7850,0.0300,2.1478,2.0860,2.1750,0.0890,16.0620,16.0350,16.0730,0.0380,152.8148,152.6750,153.0700,0.3950,0.2500,0.2500,0.2500,0.0000
smili_100_hi,5,40.9462,40.7370,41.1810,0.4440,1.5956,1.4540,1.7010,0.2470,16.4804,16.2350,16.6750,0.4400,159.9786,155.7450,165.5760,9.8310,0.1874,0.1780,0.2030,0.0250
smili_100_lo,5,41.8052,41.7700,41.8220,0.0520,1.6020,1.5460,1.6600,0.1140,15.7040,15.6780,15.7330,0.0550,169.9950,169.4990,170.4010,0.9020,0.2104,0.2070,0.2140,0.0070
smili_101_hi,5,41.7472,41.7320,41.7710,0.0390,1.2998,1.2840,1.3240,0.0400,15.6730,15.6580,15.6890,0.0310,166.0682,165.6160,166.3020,0.6860,0.2240,0.2230,0.2250,0.0020
smili_101_lo,5,42.2142,42.1940,42.2310,0.0370,1.3972,1.3880,1.4020,0.0140,15.6072,15.5970,15.6180,0.0210,167.3430,167.1940,167.4440,0.2500,0.2214,0.2200,0.2230,0.0030
