# REx (ehtim 1.3.2), fiducial defaults
image,d,d_sigma,d_meanprof,w,w_sigma,eta_deg,eta_sigma_deg,asym,asym_sigma
difmap_095_hi,36.892,2.327,36.364,28.669,3.001,141.829,1.381,0.175,0.025
difmap_095_lo,37.532,2.379,37.374,28.813,2.735,159.600,1.209,0.199,0.044
difmap_096_hi,27.862,13.175,32.323,30.661,4.923,139.727,45.207,0.114,0.063
difmap_096_lo,41.845,5.462,43.434,28.062,2.043,159.956,3.256,0.249,0.103
difmap_100_hi,40.162,1.891,40.404,27.923,2.938,183.025,3.051,0.198,0.013
difmap_100_lo,40.038,1.619,40.404,28.574,2.523,170.982,2.152,0.173,0.014
difmap_101_hi,39.882,1.965,39.394,28.952,2.358,168.984,2.358,0.191,0.035
difmap_101_lo,40.974,1.290,41.414,28.779,2.755,172.769,1.241,0.222,0.024
ehtim_095,39.404,1.508,39.394,16.203,1.430,148.704,3.899,0.248,0.015
ehtim_096,39.577,1.544,39.394,16.079,0.937,151.314,3.602,0.242,0.016
ehtim_100,40.465,1.361,40.404,15.631,1.275,171.011,3.206,0.230,0.006
ehtim_101,40.994,1.164,41.414,15.509,0.899,167.546,2.549,0.202,0.007
smili_095_hi,39.953,1.995,39.394,16.423,1.740,146.840,0.194,0.264,0.025
smili_095_lo,40.596,1.844,40.404,15.973,1.540,154.196,4.385,0.265,0.017
smili_096_hi,40.272,1.567,40.404,16.748,1.424,151.699,3.588,0.246,0.016
smili_096_lo,40.771,2.167,40.404,16.071,1.528,152.769,3.854,0.250,0.021
smili_100_hi,40.936,1.607,40.404,16.484,1.601,159.904,5.288,0.188,0.013
smili_100_lo,41.820,1.597,41.414,15.678,1.664,169.978,3.800,0.214,0.016
smili_101_hi,41.742,1.300,41.414,15.677,1.667,166.129,2.825,0.224,0.029
smili_101_lo,42.211,1.401,42.424,15.616,1.486,167.311,1.415,0.221,0.022
