date,day,image,zblterm_applied,chisq_cphase,chisq_logcamp,paperIV_cphase,paperIV_cphase_spread,paperIV_logcamp,paperIV_logcamp_spread,error
April 5,095,difmap_lo,True,6.312952438493191,31.900417220826448,9.4,3.35,4.99,1.17,
April 5,095,difmap_hi,True,10.434099512709711,38.0272968380278,9.4,3.35,4.99,1.17,
April 5,095,ehtim,True,1.0325600536185335,1.376551856875273,1.0,0.13,0.97,0.27,
April 5,095,smili_lo,True,1.1761117311968179,1.3641487724017942,1.09,0.21,1.11,0.28,
April 5,095,smili_hi,True,1.6449826149713926,1.642152760382578,1.09,0.21,1.11,0.28,
April 6,096,difmap_lo,True,2.462258806219608,23.10320234795099,4.4,1.45,3.49,1.51,
April 6,096,difmap_hi,True,3.633070653397711,27.790735187438013,4.4,1.45,3.49,1.51,
April 6,096,ehtim,True,1.1104127539163213,1.1883020114023934,1.59,0.16,1.0,0.14,
April 6,096,smili_lo,True,1.3583470382646543,1.3118688302011539,1.49,0.23,1.22,0.25,
April 6,096,smili_hi,True,1.5121054768113495,1.4852423380321724,1.49,0.23,1.22,0.25,
April 10,100,difmap_lo,True,2.109845426854345,20.031320930953754,3.93,2.1,1.57,0.64,
April 10,100,difmap_hi,True,4.894938694677992,23.871824054226483,3.93,2.1,1.57,0.64,
April 10,100,ehtim,True,1.0653188821009063,0.9621233694159192,0.83,0.1,1.3,0.17,
April 10,100,smili_lo,True,1.364698896672809,0.9915165079902981,0.75,0.14,1.11,0.32,
April 10,100,smili_hi,True,1.4228940610293375,1.1163850206790453,0.75,0.14,1.11,0.32,
April 11,101,difmap_lo,True,2.155150508247276,63.33674619980946,4.01,1.67,3.33,1.01,
April 11,101,difmap_hi,True,2.8914361092429868,58.89257446602676,4.01,1.67,3.33,1.01,
April 11,101,ehtim,True,1.007826688354574,0.9358135649472727,0.97,0.1,0.99,0.13,
April 11,101,smili_lo,True,1.2836907829898483,1.2208714660416349,1.23,0.28,1.14,0.13,
April 11,101,smili_hi,True,1.5099844332511565,1.1028882101712445,1.23,0.28,1.14,0.13,
